<beans xmlns="http://www.springframework.org/schema/beans"
	xmlns:xsi="http://www.w3.org/2001/XMLSchema-instance" xmlns:aop="http://www.springframework.org/schema/aop"
	xmlns:context="http://www.springframework.org/schema/context"
	xsi:schemaLocation="http://www.springframework.org/schema/beans
           http://www.springframework.org/schema/beans/spring-beans-2.5.xsd
           http://www.springframework.org/schema/aop
           http://www.springframework.org/schema/aop/spring-aop-2.5.xsd
           http://www.springframework.org/schema/context
           http://www.springframework.org/schema/context/spring-context-2.5.xsd">
           
        
        <bean id="logicSimplexBigDecimal" class="iterator.logic.LogicSimplexBigDecimal" />
        <bean id="logicSimplexRational" class="iterator.logic.LogicSimplexRational" />
        
        <bean id="persistenceFileXml" class="iterator.persistence.PersistenceFileXml"/>
		
		<bean id="fascade" class="iterator.Fascade">
		 	<property name="logic" ref="logicSimplexRational"></property>
		    <property name="persistence" ref="persistenceFileXml"></property>
		</bean>
		
</beans>