<Persplan><Shift><ShiftStart>20:00</ShiftStart><ShiftEnd>06:00</ShiftEnd><BreakStart>00:00</BreakStart><BreakEnd>00:00</BreakEnd><MaxPersons>0</MaxPersons><Preference>100</Preference></Shift><Shift><ShiftStart>20:00</ShiftStart><ShiftEnd>06:00</ShiftEnd><BreakStart>00:00</BreakStart><BreakEnd>00:00</BreakEnd><MaxPersons>0</MaxPersons><Preference>100</Preference></Shift><Shift><ShiftStart>22:00</ShiftStart><ShiftEnd>06:00</ShiftEnd><BreakStart>00:00</BreakStart><BreakEnd>00:00</BreakEnd><MaxPersons>0</MaxPersons><Preference>100</Preference></Shift><Shift><ShiftStart>06:00</ShiftStart><ShiftEnd>13:00</ShiftEnd><BreakStart>07:30</BreakStart><BreakEnd>12:00</BreakEnd><MaxPersons>0</MaxPersons><Preference>100</Preference></Shift><Shift><ShiftStart>06:30</ShiftStart><ShiftEnd>13:30</ShiftEnd><BreakStart>07:30</BreakStart><BreakEnd>12:00</BreakEnd><MaxPersons>0</MaxPersons><Preference>100</Preference></Shift><Shift><ShiftStart>07:00</ShiftStart><ShiftEnd>14:00</ShiftEnd><BreakStart>07:30</BreakStart><BreakEnd>12:00</BreakEnd><MaxPersons>0</MaxPersons><Preference>100</Preference></Shift><Shift><ShiftStart>08:00</ShiftStart><ShiftEnd>15:00</ShiftEnd><BreakStart>10:30</BreakStart><BreakEnd>14:00</BreakEnd><MaxPersons>0</MaxPersons><Preference>100</Preference></Shift><Shift><ShiftStart>09:00</ShiftStart><ShiftEnd>16:00</ShiftEnd><BreakStart>10:30</BreakStart><BreakEnd>14:00</BreakEnd><MaxPersons>0</MaxPersons><Preference>100</Preference></Shift><Shift><ShiftStart>10:00</ShiftStart><ShiftEnd>17:00</ShiftEnd><BreakStart>10:30</BreakStart><BreakEnd>14:00</BreakEnd><MaxPersons>0</MaxPersons><Preference>100</Preference></Shift><Shift><ShiftStart>11:00</ShiftStart><ShiftEnd>18:00</ShiftEnd><BreakStart>13:30</BreakStart><BreakEnd>16:00</BreakEnd><MaxPersons>0</MaxPersons><Preference>100</Preference></Shift><Shift><ShiftStart>12:00</ShiftStart><ShiftEnd>19:00</ShiftEnd><BreakStart>13:30</BreakStart><BreakEnd>16:00</BreakEnd><MaxPersons>0</MaxPersons><Preference>100</Preference></Shift><Shift><ShiftStart>12:30</ShiftStart><ShiftEnd>19:30</ShiftEnd><BreakStart>13:30</BreakStart><BreakEnd>16:00</BreakEnd><MaxPersons>0</MaxPersons><Preference>100</Preference></Shift><Shift><ShiftStart>13:00</ShiftStart><ShiftEnd>20:00</ShiftEnd><BreakStart>16:00</BreakStart><BreakEnd>19:30</BreakEnd><MaxPersons>0</MaxPersons><Preference>100</Preference></Shift><Shift><ShiftStart>14:00</ShiftStart><ShiftEnd>21:00</ShiftEnd><BreakStart>16:00</BreakStart><BreakEnd>19:30</BreakEnd><MaxPersons>0</MaxPersons><Preference>100</Preference></Shift><Shift><ShiftStart>15:00</ShiftStart><ShiftEnd>22:00</ShiftEnd><BreakStart>16:00</BreakStart><BreakEnd>19:30</BreakEnd><MaxPersons>0</MaxPersons><Preference>100</Preference></Shift><Requirement><Start>00:00</Start><End>00:30</End><RequiredPersons>1</RequiredPersons></Requirement><Requirement><Start>00:30</Start><End>01:00</End><RequiredPersons>1</RequiredPersons></Requirement><Requirement><Start>01:00</Start><End>01:30</End><RequiredPersons>1</RequiredPersons></Requirement><Requirement><Start>01:30</Start><End>02:00</End><RequiredPersons>1</RequiredPersons></Requirement><Requirement><Start>02:00</Start><End>02:30</End><RequiredPersons>1</RequiredPersons></Requirement><Requirement><Start>02:30</Start><End>03:00</End><RequiredPersons>1</RequiredPersons></Requirement><Requirement><Start>03:00</Start><End>03:30</End><RequiredPersons>1</RequiredPersons></Requirement><Requirement><Start>03:30</Start><End>04:00</End><RequiredPersons>1</RequiredPersons></Requirement><Requirement><Start>04:00</Start><End>04:30</End><RequiredPersons>1</RequiredPersons></Requirement><Requirement><Start>04:30</Start><End>05:00</End><RequiredPersons>1</RequiredPersons></Requirement><Requirement><Start>05:00</Start><End>05:30</End><RequiredPersons>1</RequiredPersons></Requirement><Requirement><Start>05:30</Start><End>06:00</End><RequiredPersons>1</RequiredPersons></Requirement><Requirement><Start>06:00</Start><End>06:30</End><RequiredPersons>2</RequiredPersons></Requirement><Requirement><Start>06:30</Start><End>07:00</End><RequiredPersons>2</RequiredPersons></Requirement><Requirement><Start>07:00</Start><End>07:30</End><RequiredPersons>5</RequiredPersons></Requirement><Requirement><Start>07:30</Start><End>08:00</End><RequiredPersons>5</RequiredPersons></Requirement><Requirement><Start>08:00</Start><End>08:30</End><RequiredPersons>5</RequiredPersons></Requirement><Requirement><Start>08:30</Start><End>09:00</End><RequiredPersons>5</RequiredPersons></Requirement><Requirement><Start>09:00</Start><End>09:30</End><RequiredPersons>5</RequiredPersons></Requirement><Requirement><Start>09:30</Start><End>10:00</End><RequiredPersons>5</RequiredPersons></Requirement><Requirement><Start>10:00</Start><End>10:30</End><RequiredPersons>4</RequiredPersons></Requirement><Requirement><Start>10:30</Start><End>11:00</End><RequiredPersons>4</RequiredPersons></Requirement><Requirement><Start>11:00</Start><End>11:30</End><RequiredPersons>4</RequiredPersons></Requirement><Requirement><Start>11:30</Start><End>12:00</End><RequiredPersons>4</RequiredPersons></Requirement><Requirement><Start>12:00</Start><End>12:30</End><RequiredPersons>4</RequiredPersons></Requirement><Requirement><Start>12:30</Start><End>13:00</End><RequiredPersons>4</RequiredPersons></Requirement><Requirement><Start>13:00</Start><End>13:30</End><RequiredPersons>2</RequiredPersons></Requirement><Requirement><Start>13:30</Start><End>14:00</End><RequiredPersons>2</RequiredPersons></Requirement><Requirement><Start>14:00</Start><End>14:30</End><RequiredPersons>2</RequiredPersons></Requirement><Requirement><Start>14:30</Start><End>15:00</End><RequiredPersons>2</RequiredPersons></Requirement><Requirement><Start>15:00</Start><End>15:30</End><RequiredPersons>2</RequiredPersons></Requirement><Requirement><Start>15:30</Start><End>16:00</End><RequiredPersons>2</RequiredPersons></Requirement><Requirement><Start>16:00</Start><End>16:30</End><RequiredPersons>4</RequiredPersons></Requirement><Requirement><Start>16:30</Start><End>17:00</End><RequiredPersons>4</RequiredPersons></Requirement><Requirement><Start>17:00</Start><End>17:30</End><RequiredPersons>4</RequiredPersons></Requirement><Requirement><Start>17:30</Start><End>18:00</End><RequiredPersons>4</RequiredPersons></Requirement><Requirement><Start>18:00</Start><End>18:30</End><RequiredPersons>4</RequiredPersons></Requirement><Requirement><Start>18:30</Start><End>19:00</End><RequiredPersons>4</RequiredPersons></Requirement><Requirement><Start>19:00</Start><End>19:30</End><RequiredPersons>2</RequiredPersons></Requirement><Requirement><Start>19:30</Start><End>20:00</End><RequiredPersons>2</RequiredPersons></Requirement><Requirement><Start>20:00</Start><End>20:30</End><RequiredPersons>2</RequiredPersons></Requirement><Requirement><Start>20:30</Start><End>21:00</End><RequiredPersons>2</RequiredPersons></Requirement><Requirement><Start>21:00</Start><End>21:30</End><RequiredPersons>2</RequiredPersons></Requirement><Requirement><Start>21:30</Start><End>22:00</End><RequiredPersons>2</RequiredPersons></Requirement><Requirement><Start>22:00</Start><End>22:30</End><RequiredPersons>1</RequiredPersons></Requirement><Requirement><Start>22:30</Start><End>23:00</End><RequiredPersons>1</RequiredPersons></Requirement><Requirement><Start>23:00</Start><End>23:30</End><RequiredPersons>1</RequiredPersons></Requirement><Requirement><Start>23:30</Start><End>23:59</End><RequiredPersons>1</RequiredPersons></Requirement></Persplan>